{
  "TriggerKey": {
    "type": "string",
    "desc": "triggerKey",
    "init": "F4",
    "live": "F4"
  },
  "TriggerKeyLock": {
    "type": "string",
    "desc": "triggerKeyLock",
    "init": "F5",
    "live": "F5"
  },
  "Copy": {
    "type": "string",
    "desc": "",
    "init": "C",
    "live": "C"
  },
  "Paste": {
    "type": "string",
    "desc": "",
    "init": "V",
    "live": "V"
  },
  "Reset": {
    "type": "string",
    "desc": "",
    "init": "R",
    "live": "R"
  },
  "Left": {
    "type": "string",
    "desc": "",
    "init": "Left",
    "live": "Left"
  },
  "Right": {
    "type": "string",
    "desc": "",
    "init": "Right",
    "live": "Right"
  },
  "Add": {
    "type": "string",
    "desc": "",
    "init": "Up",
    "live": "Up"
  },
  "Minus": {
    "type": "string",
    "desc": "",
    "init": "Down",
    "live": "Down"
  },
  "ChandelierMode": {
    "type": "string",
    "desc": "",
    "init": "F6",
    "live": "F6"
  },
  "StartInput": {
    "type": "string",
    "desc": "",
    "init": "`",
    "live": "`"
  },
  "XLeft": {
    "type": "string",
    "desc": "",
    "init": "J",
    "live": "J"
  },
  "XRight": {
    "type": "string",
    "desc": "",
    "init": "L",
    "live": "L"
  },
  "XFront": {
    "type": "string",
    "desc": "",
    "init": "I",
    "live": "I"
  },
  "XBack": {
    "type": "string",
    "desc": "",
    "init": "K",
    "live": "K"
  },
  "XUp": {
    "type": "string",
    "desc": "",
    "init": "U",
    "live": "U"
  },
  "XDown": {
    "type": "string",
    "desc": "",
    "init": "O",
    "live": "O"
  },
  "SwitchWorldCoordAndObjectCoord": {
    "type": "string",
    "desc": "",
    "init": ",",
    "live": ","
  },
  "SwitchTransRotateScale": {
    "type": "string",
    "desc": "",
    "init": ".",
    "live": "."
  },
  "Left Shift": {
    "type": "string",
    "desc": "",
    "init": "Left Shift",
    "live": "Left Shift"
  },
  "Right Shift": {
    "type": "string",
    "desc": "",
    "init": "Right Shift",
    "live": "Right Shift"
  },
  "Left Alt": {
    "type": "string",
    "desc": "",
    "init": "Left Alt",
    "live": "Left Alt"
  },
  "Right Alt": {
    "type": "string",
    "desc": "",
    "init": "Right Alt",
    "live": "Right Alt"
  }
}
